timestamp,path,net_multiplier,expected_profit_pct,max_tradable_base,above_threshold
2026-10-01T08:36:14.218323+00:00,DAI/USDT->BTC/DAI->BTC/USDT,3693.759929,369275.9929,50.0000,True
2026-10-01T08:36:14.218504+00:00,DAI/USDT->DAI/USD->USDT/USD,0.995558,-0.4442,50.0000,False
2026-10-01T08:36:14.218607+00:00,DAI/USDT->ETH/DAI->ETH/USDT,1019.573960,101857.3960,50.0000,True
2026-10-01T08:36:14.218735+00:00,DAI/USDT->DAI/EUR->USDT/EUR,0.779802,-22.0198,50.0000,False
2026-10-01T08:36:14.218797+00:00,ALEO/USDT->ALEO/USD->USDT/USD,0.993706,-0.6294,50.0000,False
2026-10-01T08:36:14.218851+00:00,DOT/USDT->DOT/BTC->BTC/USDT,0.995490,-0.4510,50.0000,False
2026-10-01T08:36:14.218897+00:00,DOT/USDT->DOT/USD->USDT/USD,0.992851,-0.7149,50.0000,False
2026-10-01T08:36:14.218952+00:00,DOT/USDT->DOT/USDC->USDC/USDT,0.995378,-0.4622,50.0000,False
2026-10-01T08:36:14.219004+00:00,DOT/USDT->DOT/JPY->USDT/JPY,4574.547035,457354.7035,50.0000,True
2026-10-01T08:36:14.219106+00:00,DOT/USDT->DOT/ETH->ETH/USDT,0.994779,-0.5221,50.0000,False
2026-10-01T08:36:14.219154+00:00,DOT/USDT->DOT/EUR->USDT/EUR,0.778828,-22.1172,50.0000,False
2026-10-01T08:36:14.219196+00:00,DOT/USDT->DOT/GBP->USDT/GBP,0.569097,-43.0903,50.0000,False
2026-10-01T08:36:14.219253+00:00,USDT/AUD->BTC/AUD->BTC/USDT,3693.759929,369275.9929,50.0000,True
2026-10-01T08:36:14.219365+00:00,USDT/AUD->AUD/USD->USDT/USD,0.995778,-0.4222,50.0000,False
2026-10-01T08:36:14.219423+00:00,USDT/AUD->LTC/AUD->LTC/USDT,843.042636,84204.2636,50.0000,True
2026-10-01T08:36:14.219525+00:00,USDT/AUD->ADA/AUD->ADA/USDT,0.124364,-87.5636,50.0000,False
2026-10-01T08:36:14.219591+00:00,USDT/AUD->USDC/AUD->USDC/USDT,2.072443,107.2443,50.0000,True
2026-10-01T08:36:14.219725+00:00,USDT/AUD->AUD/JPY->USDT/JPY,4574.547035,457354.7035,50.0000,True
2026-10-01T08:36:14.219821+00:00,USDT/AUD->DOGE/AUD->DOGE/USDT,0.018216,-98.1784,50.0000,False
2026-10-01T08:36:14.219884+00:00,USDT/AUD->ETH/AUD->ETH/USDT,1019.573960,101857.3960,50.0000,True
2026-10-01T08:36:14.219969+00:00,USDT/AUD->EUR/AUD->USDT/EUR,2.069669,106.9669,50.0000,True
2026-10-01T08:36:14.220054+00:00,USDT/AUD->XRP/AUD->XRP/USDT,4.523160,352.3160,50.0000,True
2026-10-01T08:36:14.220153+00:00,USDT/AUD->SOL/AUD->SOL/USDT,3146.350485,314535.0485,50.0000,True
2026-10-01T08:36:14.220244+00:00,USDT/AUD->BCH/AUD->BCH/USDT,42.793514,4179.3514,50.0000,True
2026-10-01T08:36:14.220334+00:00,USDT/AUD->LINK/AUD->LINK/USDT,283.680896,28268.0896,50.0000,True
2026-10-01T08:36:14.220414+00:00,USAT/USDT->USAT/USD->USDT/USD,0.995109,-0.4891,50.0000,False
2026-10-01T08:36:14.220459+00:00,CRO/USDT->CRO/USD->USDT/USD,0.994514,-0.5486,50.0000,False
2026-10-01T08:36:14.220502+00:00,CRO/USDT->CRO/USDC->USDC/USDT,0.995318,-0.4682,50.0000,False
2026-10-01T08:36:14.220542+00:00,CRO/USDT->CRO/EUR->USDT/EUR,0.779173,-22.0827,50.0000,False
2026-10-01T08:36:14.220603+00:00,BTC/USDT->BTC/DAI->DAI/USDT,0.993708,-0.6292,50.0000,False
2026-10-01T08:36:14.220650+00:00,BTC/USDT->DOT/BTC->DOT/USDT,0.000000,-100.0000,50.0000,False
2026-10-01T08:36:14.220690+00:00,BTC/USDT->BTC/AUD->USDT/AUD,2.070925,107.0925,50.0000,True
2026-10-01T08:36:14.220775+00:00,BTC/USDT->BTC/USD->USDT/USD,0.994715,-0.5285,50.0000,False
2026-10-01T08:36:14.220822+00:00,BTC/USDT->BTC/SOFID->SOFID/USDT,0.995644,-0.4356,50.0000,False
2026-10-01T08:36:14.220860+00:00,BTC/USDT->LTC/BTC->LTC/USDT,0.000001,-99.9999,50.0000,False
2026-10-01T08:36:14.220898+00:00,BTC/USDT->ADA/BTC->ADA/USDT,0.000000,-100.0000,50.0000,False
2026-10-01T08:36:14.220935+00:00,BTC/USDT->BTC/FIDD->FIDD/USDT,0.996008,-0.3992,50.0000,False
2026-10-01T08:36:14.220973+00:00,BTC/USDT->BTC/USDC->USDC/USDT,0.996967,-0.3033,50.0000,False
2026-10-01T08:36:14.221014+00:00,BTC/USDT->MANA/BTC->MANA/USDT,0.000000,-100.0000,50.0000,False
2026-10-01T08:36:14.221047+00:00,BTC/USDT->BTC/JPY->USDT/JPY,4574.547035,457354.7035,50.0000,True
2026-10-01T08:40:36.770942+00:00,VIRTUAL/USDT->VIRTUAL/EUR->USDT/EUR,0.994690,-0.5310,50.0000,False
2026-10-01T08:40:36.771058+00:00,VIRTUAL/USDT->VIRTUAL/USD->USDT/USD,0.993177,-0.6823,50.0000,False
2026-10-01T08:40:36.771149+00:00,VIRTUAL/USDT->VIRTUAL/USDC->USDC/USDT,0.983736,-1.6264,50.0000,False
2026-10-01T08:40:36.771193+00:00,USDT/JPY->LINK/JPY->LINK/USDT,0.985869,-1.4131,50.0000,False
2026-10-01T08:40:36.771226+00:00,USDT/JPY->DOT/JPY->DOT/USDT,0.985108,-1.4892,50.0000,False
2026-10-01T08:40:36.771263+00:00,USDT/JPY->EUR/JPY->USDT/EUR,0.980494,-1.9506,50.0000,False
2026-10-01T08:40:36.771292+00:00,USDT/JPY->USD/JPY->USDT/USD,0.978001,-2.1999,50.0000,False
2026-10-01T08:40:36.771324+00:00,USDT/JPY->LTC/JPY->LTC/USDT,0.986026,-1.3974,50.0000,False
2026-10-01T08:40:36.771356+00:00,USDT/JPY->AUD/JPY->USDT/AUD,0.975899,-2.4101,50.0000,False
2026-10-01T08:40:36.771385+00:00,USDT/JPY->BTC/JPY->BTC/USDT,0.987607,-1.2393,50.0000,False
2026-10-01T08:40:36.771414+00:00,USDT/JPY->BCH/JPY->BCH/USDT,0.986391,-1.3609,50.0000,False
2026-10-01T08:40:36.771441+00:00,USDT/JPY->ETH/JPY->ETH/USDT,0.986686,-1.3314,50.0000,False
2026-10-01T08:40:36.771470+00:00,LINK/USDT->LINK/JPY->USDT/JPY,0.992596,-0.7404,50.0000,False
2026-10-01T08:40:36.771498+00:00,LINK/USDT->LINK/GBP->USDT/GBP,0.996545,-0.3455,50.0000,False
2026-10-01T08:40:36.771526+00:00,LINK/USDT->LINK/EUR->USDT/EUR,0.996623,-0.3377,50.0000,False
2026-10-01T08:40:36.771554+00:00,LINK/USDT->LINK/USD->USDT/USD,0.996824,-0.3176,50.0000,False
2026-10-01T08:40:36.771581+00:00,LINK/USDT->LINK/AUD->USDT/AUD,0.992735,-0.7265,50.0000,False
2026-10-01T08:40:36.771608+00:00,LINK/USDT->LINK/BTC->BTC/USDT,0.996455,-0.3545,50.0000,False
2026-10-01T08:40:36.771635+00:00,LINK/USDT->LINK/USDC->USDC/USDT,0.997070,-0.2930,50.0000,False
2026-10-01T08:40:36.771663+00:00,LINK/USDT->LINK/ETH->ETH/USDT,0.996526,-0.3474,50.0000,False
2026-10-01T08:40:36.771692+00:00,XRP/USDT->XRP/GBP->USDT/GBP,0.996868,-0.3132,50.0000,False
2026-10-01T08:40:36.771720+00:00,XRP/USDT->XRP/EUR->USDT/EUR,0.997537,-0.2463,50.0000,False
2026-10-01T08:40:36.771747+00:00,XRP/USDT->XRP/USD->USDT/USD,0.997671,-0.2329,50.0000,False
2026-10-01T08:40:36.771774+00:00,XRP/USDT->XRP/AUD->USDT/AUD,0.996702,-0.3298,50.0000,False
2026-10-01T08:40:36.771801+00:00,XRP/USDT->XRP/BTC->BTC/USDT,0.997322,-0.2678,50.0000,False
2026-10-01T08:40:36.771849+00:00,XRP/USDT->XRP/RLUSD->RLUSD/USDT,0.996384,-0.3616,50.0000,False
2026-10-01T08:40:36.771879+00:00,XRP/USDT->XRP/CAD->USDT/CAD,0.996844,-0.3156,50.0000,False
2026-10-01T08:40:36.771907+00:00,XRP/USDT->XRP/USDC->USDC/USDT,0.997415,-0.2585,50.0000,False
2026-10-01T08:40:36.771934+00:00,XRP/USDT->XRP/ETH->ETH/USDT,0.997171,-0.2829,50.0000,False
2026-10-01T08:40:36.771962+00:00,CRO/USDT->CRO/EUR->USDT/EUR,0.995847,-0.4153,50.0000,False
2026-10-01T08:40:36.771988+00:00,CRO/USDT->CRO/USD->USDT/USD,0.998908,-0.1092,50.0000,False
2026-10-01T08:40:36.772014+00:00,CRO/USDT->CRO/USDC->USDC/USDT,0.997211,-0.2789,50.0000,False
2026-10-01T08:40:36.772041+00:00,DOT/USDT->DOT/JPY->USDT/JPY,0.989512,-1.0488,50.0000,False
2026-10-01T08:40:36.772068+00:00,DOT/USDT->DOT/GBP->USDT/GBP,0.995527,-0.4473,50.0000,False
2026-10-01T08:40:36.772094+00:00,DOT/USDT->DOT/EUR->USDT/EUR,0.995696,-0.4304,50.0000,False
2026-10-01T08:40:36.772131+00:00,DOT/USDT->DOT/USD->USDT/USD,0.996425,-0.3575,50.0000,False
2026-10-01T08:40:36.772158+00:00,DOT/USDT->DOT/BTC->BTC/USDT,0.995107,-0.4893,50.0000,False
2026-10-01T08:40:36.772185+00:00,DOT/USDT->DOT/USDC->USDC/USDT,0.996285,-0.3715,50.0000,False
2026-10-01T08:40:36.772211+00:00,DOT/USDT->DOT/ETH->ETH/USDT,0.995298,-0.4702,50.0000,False
2026-10-01T08:40:36.772238+00:00,BNB/USDT->BNB/EUR->USDT/EUR,0.996478,-0.3522,50.0000,False
2026-10-01T09:03:13.007084+00:00,MELANIA/USDT->MELANIA/USD->USDT/USD,0.995669,-0.4331,50.0000,False
2026-10-01T09:03:13.007172+00:00,MELANIA/USDT->MELANIA/USDC->USDC/USDT,0.994662,-0.5338,50.0000,False
2026-10-01T09:03:13.007218+00:00,MELANIA/USDT->MELANIA/EUR->USDT/EUR,0.994977,-0.5023,50.0000,False
2026-10-01T09:03:13.007254+00:00,VIRTUAL/USDT->VIRTUAL/USD->USDT/USD,0.992643,-0.7357,50.0000,False
2026-10-01T09:03:13.007289+00:00,VIRTUAL/USDT->VIRTUAL/USDC->USDC/USDT,0.988034,-1.1966,50.0000,False
2026-10-01T09:03:13.007330+00:00,VIRTUAL/USDT->VIRTUAL/EUR->USDT/EUR,0.992724,-0.7276,50.0000,False
2026-10-01T09:03:13.007385+00:00,BNB/USDT->BNB/USD->USDT/USD,0.996611,-0.3389,50.0000,False
2026-10-01T09:03:13.007427+00:00,BNB/USDT->BNB/USDC->USDC/USDT,0.996518,-0.3482,50.0000,False
2026-10-01T09:03:13.007469+00:00,BNB/USDT->BNB/EUR->USDT/EUR,0.996647,-0.3353,50.0000,False
2026-10-01T09:03:13.007512+00:00,AVAX/USDT->AVAX/USD->USDT/USD,0.997292,-0.2708,50.0000,False
2026-10-01T09:03:13.007550+00:00,AVAX/USDT->AVAX/USDC->USDC/USDT,0.996783,-0.3217,50.0000,False
2026-10-01T09:03:13.007615+00:00,AVAX/USDT->AVAX/EUR->USDT/EUR,0.997335,-0.2665,50.0000,False
2026-10-01T09:03:13.007662+00:00,USDE/USDT->USDE/USD->USDT/USD,0.996963,-0.3037,50.0000,False
2026-10-01T09:03:13.007705+00:00,USDE/USDT->USDE/USDC->USDC/USDT,0.996704,-0.3296,50.0000,False
2026-10-01T09:03:13.007746+00:00,USDE/USDT->USDE/EUR->USDT/EUR,0.996617,-0.3383,50.0000,False
2026-10-01T09:03:13.007781+00:00,VET/USDT->VET/USD->USDT/USD,0.996063,-0.3937,50.0000,False
2026-10-01T09:03:13.007811+00:00,VET/USDT->VET/USDC->USDC/USDT,0.995704,-0.4296,50.0000,False
2026-10-01T09:03:13.007841+00:00,VET/USDT->VET/EUR->USDT/EUR,0.995901,-0.4099,50.0000,False
2026-10-01T09:03:13.007874+00:00,CC/USDT->CC/USD->USDT/USD,0.996183,-0.3817,50.0000,False
2026-10-01T09:03:13.007906+00:00,CC/USDT->CC/USDC->USDC/USDT,0.996047,-0.3953,50.0000,False
2026-10-01T09:03:13.007936+00:00,CC/USDT->CC/EUR->USDT/EUR,0.995384,-0.4616,50.0000,False
2026-10-01T09:03:13.007967+00:00,LTC/USDT->LTC/USD->USDT/USD,0.996002,-0.3998,50.0000,False
2026-10-01T09:03:13.007998+00:00,LTC/USDT->LTC/JPY->USDT/JPY,0.993674,-0.6326,50.0000,False
2026-10-01T09:03:13.008029+00:00,LTC/USDT->LTC/ETH->ETH/USDT,0.993056,-0.6944,50.0000,False
2026-10-01T09:03:13.008059+00:00,LTC/USDT->LTC/BTC->BTC/USDT,0.995659,-0.4341,50.0000,False
2026-10-01T09:03:13.008089+00:00,LTC/USDT->LTC/GBP->USDT/GBP,0.995825,-0.4175,50.0000,False
2026-10-01T09:03:13.008119+00:00,LTC/USDT->LTC/USDC->USDC/USDT,0.995155,-0.4845,50.0000,False
2026-10-01T09:03:13.008149+00:00,LTC/USDT->LTC/AUD->USDT/AUD,0.995763,-0.4237,50.0000,False
2026-10-01T09:03:13.008178+00:00,LTC/USDT->LTC/EUR->USDT/EUR,0.996654,-0.3346,50.0000,False
2026-10-01T09:03:13.008209+00:00,XTZ/USDT->XTZ/USD->USDT/USD,0.997102,-0.2898,50.0000,False
2026-10-01T09:03:13.008238+00:00,XTZ/USDT->XTZ/USDC->USDC/USDT,0.996787,-0.3213,50.0000,False
2026-10-01T09:03:13.008267+00:00,XTZ/USDT->XTZ/EUR->USDT/EUR,0.997262,-0.2738,50.0000,False
2026-10-01T09:03:13.008301+00:00,FIDD/USDT->FIDD/USD->USDT/USD,0.996664,-0.3336,50.0000,False
2026-10-01T09:03:13.008337+00:00,FIDD/USDT->ETH/FIDD->ETH/USDT,0.996408,-0.3592,50.0000,False
2026-10-01T09:03:13.008373+00:00,FIDD/USDT->BTC/FIDD->BTC/USDT,0.996212,-0.3788,50.0000,False
2026-10-01T09:03:13.008409+00:00,FIDD/USDT->FIDD/USDC->USDC/USDT,0.996504,-0.3496,50.0000,False
2026-10-01T09:03:13.008451+00:00,XAUT/USDT->XAUT/USD->USDT/USD,0.996938,-0.3062,50.0000,False
2026-10-01T09:03:13.008487+00:00,SOL/USDT->SOL/USD->USDT/USD,0.997308,-0.2692,50.0000,False
2026-10-01T09:03:13.008524+00:00,SOL/USDT->SOL/CAD->USDT/CAD,0.996577,-0.3423,50.0000,False
2026-10-01T09:03:13.008553+00:00,SOL/USDT->SOL/ETH->ETH/USDT,0.997394,-0.2606,50.0000,False
2026-10-01T09:11:16.288892+00:00,MELANIA/USDT->MELANIA/EUR->USDT/EUR,0.996397,-0.3603,50.0000,True
2026-10-01T09:11:16.288984+00:00,MELANIA/USDT->MELANIA/USD->USDT/USD,0.995679,-0.4321,50.0000,True
2026-10-01T09:11:16.289029+00:00,MELANIA/USDT->MELANIA/USDC->USDC/USDT,0.995619,-0.4381,50.0000,True
2026-10-01T09:11:16.289060+00:00,ALGO/USDT->ALGO/GBP->USDT/GBP,0.994656,-0.5344,50.0000,True
2026-10-01T09:11:16.289081+00:00,ALGO/USDT->ALGO/EUR->USDT/EUR,0.995823,-0.4177,50.0000,True
2026-10-01T09:11:16.289105+00:00,ALGO/USDT->ALGO/USD->USDT/USD,0.994899,-0.5101,50.0000,True
2026-10-01T09:11:16.289131+00:00,ALGO/USDT->ALGO/USDC->USDC/USDT,0.992685,-0.7315,50.0000,True
2026-10-01T09:11:16.289160+00:00,ALGO/USDT->ALGO/BTC->BTC/USDT,0.992512,-0.7488,50.0000,True
2026-10-01T09:11:16.289185+00:00,ALGO/USDT->ALGO/ETH->ETH/USDT,0.990643,-0.9357,50.0000,True
2026-10-01T09:11:16.289221+00:00,DOGE/USDT->DOGE/CAD->USDT/CAD,0.991496,-0.8504,50.0000,True
2026-10-01T09:11:16.289242+00:00,DOGE/USDT->DOGE/AUD->USDT/AUD,0.991718,-0.8282,50.0000,True
2026-10-01T09:11:16.289261+00:00,DOGE/USDT->DOGE/GBP->USDT/GBP,0.995341,-0.4659,50.0000,True
2026-10-01T09:11:16.289282+00:00,DOGE/USDT->DOGE/EUR->USDT/EUR,0.995893,-0.4107,50.0000,True
2026-10-01T09:11:16.289304+00:00,DOGE/USDT->DOGE/USD->USDT/USD,0.995261,-0.4739,50.0000,True
2026-10-01T09:11:16.289324+00:00,DOGE/USDT->DOGE/USDC->USDC/USDT,0.996238,-0.3762,50.0000,True
2026-10-01T09:11:16.289344+00:00,DOGE/USDT->DOGE/BTC->BTC/USDT,0.994587,-0.5413,50.0000,True
2026-10-01T09:11:16.289364+00:00,OBOL/USDT->OBOL/EUR->USDT/EUR,0.772278,-22.7722,50.0000,True
2026-10-01T09:11:16.289385+00:00,OBOL/USDT->OBOL/USD->USDT/USD,0.776221,-22.3779,50.0000,True
2026-10-01T09:11:16.289417+00:00,SOFID/USDT->SOFID/USD->USDT/USD,0.996824,-0.3176,50.0000,True
2026-10-01T09:11:16.289433+00:00,SOFID/USDT->SOFID/USDC->USDC/USDT,0.996804,-0.3196,50.0000,True
2026-10-01T09:11:16.289449+00:00,SOFID/USDT->SOL/SOFID->SOL/USDT,0.996420,-0.3580,50.0000,True
2026-10-01T09:11:16.289464+00:00,SOFID/USDT->BTC/SOFID->BTC/USDT,0.996315,-0.3685,50.0000,True
2026-10-01T09:11:16.289478+00:00,SOFID/USDT->ETH/SOFID->ETH/USDT,0.996412,-0.3588,50.0000,True
2026-10-01T09:11:16.289494+00:00,BCH/USDT->BCH/AUD->USDT/AUD,0.959453,-4.0547,50.0000,True
2026-10-01T09:11:16.289508+00:00,BCH/USDT->BCH/GBP->USDT/GBP,0.993342,-0.6658,50.0000,True
2026-10-01T09:11:16.289523+00:00,BCH/USDT->BCH/JPY->USDT/JPY,0.993637,-0.6363,50.0000,True
2026-10-01T09:11:16.289538+00:00,BCH/USDT->BCH/EUR->USDT/EUR,0.996670,-0.3330,50.0000,True
2026-10-01T09:11:16.289552+00:00,BCH/USDT->BCH/USD->USDT/USD,0.996372,-0.3628,50.0000,True
2026-10-01T09:11:16.289566+00:00,BCH/USDT->BCH/USDC->USDC/USDT,0.995632,-0.4368,50.0000,True
2026-10-01T09:11:16.289581+00:00,BCH/USDT->BCH/BTC->BTC/USDT,0.995451,-0.4549,50.0000,True
2026-10-01T09:11:16.289595+00:00,BCH/USDT->BCH/ETH->ETH/USDT,0.987342,-1.2658,50.0000,True
2026-10-01T09:11:16.289610+00:00,MANA/USDT->MANA/EUR->USDT/EUR,0.995898,-0.4102,50.0000,True
2026-10-01T09:11:16.289624+00:00,MANA/USDT->MANA/USD->USDT/USD,0.995998,-0.4002,50.0000,True
2026-10-01T09:11:16.289638+00:00,MANA/USDT->MANA/USDC->USDC/USDT,0.995156,-0.4844,50.0000,True
2026-10-01T09:11:16.289652+00:00,MANA/USDT->MANA/BTC->BTC/USDT,0.993922,-0.6078,50.0000,True
2026-10-01T09:11:16.289667+00:00,APE/USDT->APE/EUR->USDT/EUR,0.993750,-0.6250,50.0000,True
2026-10-01T09:11:16.289681+00:00,APE/USDT->APE/USD->USDT/USD,0.993940,-0.6060,50.0000,True
2026-10-01T09:11:16.289694+00:00,APE/USDT->APE/USDC->USDC/USDT,0.992883,-0.7117,50.0000,True
2026-10-01T09:11:16.289710+00:00,S/USDT->S/EUR->USDT/EUR,0.965484,-3.4516,50.0000,True
2026-10-01T09:11:16.289724+00:00,S/USDT->S/USD->USDT/USD,0.964856,-3.5144,50.0000,True
2026-10-01T09:14:29.654957+00:00,ALEO/USDT->ALEO/USD->USDT/USD,0.992119,-0.7881,50.0000,False
2026-10-01T09:14:29.655072+00:00,USDT/USD->ALEO/USD->ALEO/USDT,0.991679,-0.8321,50.0000,False
2026-10-01T09:14:29.655134+00:00,USDT/USD->CRO/USD->CRO/USDT,0.995856,-0.4144,50.0000,False
2026-10-01T09:14:29.655181+00:00,USDT/USD->USDE/USD->USDE/USDT,0.996534,-0.3466,50.0000,False
2026-10-01T09:14:29.655277+00:00,USDT/USD->ATOM/USD->ATOM/USDT,0.996236,-0.3764,50.0000,False
2026-10-01T09:14:29.655327+00:00,USDT/USD->CC/USD->CC/USDT,0.995788,-0.4212,50.0000,False
2026-10-01T09:14:29.655366+00:00,USDT/USD->SOL/USD->SOL/USDT,0.997450,-0.2550,50.0000,False
2026-10-01T09:14:29.655406+00:00,USDT/USD->BCH/USD->BCH/USDT,0.996346,-0.3654,50.0000,False
2026-10-01T09:14:29.655444+00:00,USDT/USD->XAUT/USD->XAUT/USDT,0.996842,-0.3158,50.0000,False
2026-10-01T09:14:29.655480+00:00,USDT/USD->USD/JPY->USDT/JPY,0.981256,-1.8744,50.0000,False
2026-10-01T09:14:29.655515+00:00,USDT/USD->BERA/USD->BERA/USDT,0.992418,-0.7582,50.0000,False
2026-10-01T09:14:29.655550+00:00,USDT/USD->SOFID/USD->SOFID/USDT,0.996923,-0.3077,50.0000,False
2026-10-01T09:14:29.655584+00:00,USDT/USD->MELANIA/USD->MELANIA/USDT,0.994553,-0.5447,50.0000,False
2026-10-01T09:14:29.655630+00:00,USDT/USD->DAI/USD->DAI/USDT,0.996773,-0.3227,50.0000,False
2026-10-01T09:14:29.655665+00:00,USDT/USD->XRP/USD->XRP/USDT,0.997174,-0.2826,50.0000,False
2026-10-01T09:14:29.655698+00:00,USDT/USD->TRUMP/USD->TRUMP/USDT,0.995954,-0.4046,50.0000,False
2026-10-01T09:14:29.655731+00:00,USDT/USD->DOT/USD->DOT/USDT,0.996759,-0.3241,50.0000,False
2026-10-01T09:14:29.655765+00:00,USDT/USD->ALGO/USD->ALGO/USDT,0.995150,-0.4850,50.0000,False
2026-10-01T09:14:29.655798+00:00,USDT/USD->LTC/USD->LTC/USDT,0.996730,-0.3270,50.0000,False
2026-10-01T09:14:29.655830+00:00,USDT/USD->SHIB/USD->SHIB/USDT,0.995050,-0.4950,50.0000,False
2026-10-01T09:14:29.655861+00:00,USDT/USD->BNB/USD->BNB/USDT,0.996667,-0.3333,50.0000,False
2026-10-01T09:14:29.655892+00:00,USDT/USD->RLUSD/USD->RLUSD/USDT,0.997003,-0.2997,50.0000,False
2026-10-01T09:14:29.655924+00:00,USDT/USD->LINK/USD->LINK/USDT,0.997421,-0.2579,50.0000,False
2026-10-01T09:14:29.655956+00:00,USDT/USD->USD/CHF->USDT/CHF,0.996876,-0.3124,50.0000,False
2026-10-01T09:14:29.655987+00:00,USDT/USD->OBOL/USD->OBOL/USDT,0.811287,-18.8713,50.0000,False
2026-10-01T09:14:29.656019+00:00,USDT/USD->ADA/USD->ADA/USDT,0.996745,-0.3255,50.0000,False
2026-10-01T09:14:29.656051+00:00,USDT/USD->ETH/USD->ETH/USDT,0.997291,-0.2709,50.0000,False
2026-10-01T09:14:29.656083+00:00,USDT/USD->APE/USD->APE/USDT,0.989809,-1.0191,50.0000,False
2026-10-01T09:14:29.656113+00:00,USDT/USD->USDC/USD->USDC/USDT,0.996933,-0.3067,50.0000,False
2026-10-01T09:14:29.656144+00:00,USDT/USD->USAT/USD->USAT/USDT,0.996235,-0.3765,50.0000,False
2026-10-01T09:14:29.656174+00:00,USDT/USD->MANA/USD->MANA/USDT,0.995542,-0.4458,50.0000,False
2026-10-01T09:14:29.656242+00:00,USDT/USD->AUD/USD->USDT/AUD,0.996816,-0.3184,50.0000,False
2026-10-01T09:14:29.656279+00:00,USDT/USD->VIRTUAL/USD->VIRTUAL/USDT,0.996312,-0.3688,50.0000,False
2026-10-01T09:14:29.656310+00:00,USDT/USD->FARTCOIN/USD->FARTCOIN/USDT,0.995873,-0.4127,50.0000,False
2026-10-01T09:14:29.656343+00:00,USDT/USD->VET/USD->VET/USDT,0.994938,-0.5062,50.0000,False
2026-10-01T09:14:29.656374+00:00,USDT/USD->S/USD->S/USDT,0.991490,-0.8510,50.0000,False
2026-10-01T09:14:29.656405+00:00,USDT/USD->GBP/USD->USDT/GBP,0.996813,-0.3187,50.0000,False
2026-10-01T09:14:29.656445+00:00,USDT/USD->USDG/USD->USDG/USDT,0.997033,-0.2967,50.0000,False
2026-10-01T09:14:29.656475+00:00,USDT/USD->TON/USD->TON/USDT,0.995109,-0.4891,50.0000,False
2026-10-01T09:14:29.656506+00:00,USDT/USD->KAS/USD->KAS/USDT,0.995279,-0.4721,50.0000,False
